Review #,Brand,Variety,Style,Country,Stars,Top Ten
2580,New Touch,T's Restaurant Tantanmen ,Cup,Japan,3.75,
2579,Just Way,Noodles Spicy Hot Sesame Spicy Hot Sesame Guan-miao Noodles,Pack,Taiwan,1,
2578,Nissin,Cup Noodles Chicken Vegetable,Cup,USA,2.25,
2577,Wei Lih,GGE Ramen Snack Tomato Flavor,Pack,Taiwan,2.75,
2576,Ching's Secret,Singapore Curry,Pack,India,3.75,
2575,Samyang Foods,Kimchi song Song Ramen,Pack,South Korea,4.75,
2574,Acecook,Spice Deli Tantan Men With Cilantro,Cup,Japan,4,
2573,Ikeda Shoku,Nabeyaki Kitsune Udon,Tray,Japan,3.75,
2572,Ripe'n'Dry,Hokkaido Soy Sauce Ramen,Pack,Japan,0.25,
2571,KOKA,The Original Spicy Stir-Fried Noodles,Pack,Singapore,2.5,
2570,Tao Kae Noi,Creamy tom Yum Kung Flavour,Pack,Thailand,5,
2569,Yamachan,Yokohama Tonkotsu Shoyu,Pack,USA,5,
2568,Nongshim,Mr. Bibim Stir-Fried Kimchi Flavor,Pack,South Korea,4.25,
2567,Nissin,Deka Buto Kimchi Pork Flavor,Bowl,Japan,4.5,
2566,Nissin,Demae Ramen Bar Noodle Aka Tonkotsu Flavour Instant Noodle,Pack,Hong Kong,5,
2565,KOKA,Mushroom Flavour Instant Noodles,Cup,Singapore,3.5,
2564,TRDP,Mario Masala Noodles,Pack,India,3.75,
2563,Yamachan,Tokyo Shoyu Ramen,Pack,USA,5,
2562,Binh Tay,Mi Hai Cua,Pack,Vietnam,4,
2561,Paldo,Premium Gomtang,Pack,South Korea,4,
2560,Nissin,Cup Noodles Laksa Flavour,Cup,Hong Kong,4.25,
2559,Jackpot Teriyaki,Beef Ramen,Pack,USA,5,
2558,KOKA,Creamy Soup With Crushed Noodles Hot & Sour Fish Flavor,Cup,Singapore,5,
2557,Yamachan,Sapporo Miso Ramen,Pack,USA,4.75,
